date_date,paid_source,campaign_key,campaign_name,cost,impression,click
2021-06-30,Criteo,criteo_bh,criteo_bh,0.0,0.0,0.0
2021-07-01,Criteo,criteo_bh,criteo_bh,0.0,0.0,0.0
2021-07-05,Criteo,criteo_bh,criteo_bh,0.0,0.0,0.0
2021-07-04,Criteo,criteo_bh,criteo_bh,0.0,0.0,0.0
2021-07-07,Criteo,criteo_bh,criteo_bh,0.0,0.0,0.0
2021-06-25,Criteo,criteo_bh,criteo_bh,4.0,5416.0,7.0
2021-06-19,Criteo,criteo_bh,criteo_bh,10.0,13011.0,17.0
2021-06-18,Criteo,criteo_bh,criteo_bh,13.0,17254.0,17.0
2021-06-13,Criteo,criteo_bh,criteo_bh,12.0,13553.0,18.0
2021-06-12,Criteo,criteo_bh,criteo_bh,11.0,14428.0,18.0
2021-06-24,Criteo,criteo_bh,criteo_bh,16.0,22718.0,19.0
2021-06-17,Criteo,criteo_bh,criteo_bh,15.0,19299.0,19.0
2021-06-11,Criteo,criteo_bh,criteo_bh,10.0,15617.0,20.0
2021-06-09,Criteo,criteo_bh,criteo_bh,14.0,23115.0,22.0
2021-06-16,Criteo,criteo_bh,criteo_bh,14.0,18728.0,22.0
2021-06-20,Criteo,criteo_bh,criteo_bh,13.0,15577.0,23.0
2021-06-23,Criteo,criteo_bh,criteo_bh,13.0,19722.0,23.0
2021-06-22,Criteo,criteo_bh,criteo_bh,13.0,18494.0,23.0
2021-06-05,Criteo,criteo_bh,criteo_bh,12.0,23913.0,28.0
2021-06-21,Criteo,criteo_bh,criteo_bh,21.0,24194.0,29.0
2021-06-14,Criteo,criteo_bh,criteo_bh,21.0,26757.0,32.0
2021-06-10,Criteo,criteo_bh,criteo_bh,19.0,26098.0,32.0
2021-06-15,Criteo,criteo_bh,criteo_bh,20.0,25130.0,34.0
2021-06-03,Criteo,criteo_bh,criteo_bh,17.0,33230.0,40.0
2021-06-08,Criteo,criteo_bh,criteo_bh,18.0,31419.0,40.0
2021-06-04,Criteo,criteo_bh,criteo_bh,18.0,33544.0,48.0
2021-06-01,Criteo,criteo_bh,criteo_bh,14.0,30336.0,39.0
2021-06-06,Criteo,criteo_bh,criteo_bh,15.0,30426.0,41.0
2021-06-07,Criteo,criteo_bh,criteo_bh,21.0,34377.0,45.0
2021-06-02,Criteo,criteo_bh,criteo_bh,21.0,39168.0,59.0
2021-09-20,Criteo,criteo_literie,criteo_literie,40.0,86831.0,464.0
2021-09-27,Criteo,criteo_literie,criteo_literie,29.0,77953.0,289.0
2021-09-14,Criteo,criteo_literie,criteo_literie,26.0,63571.0,305.0
2021-09-23,Criteo,criteo_literie,criteo_literie,24.0,82002.0,305.0
2021-09-16,Criteo,criteo_literie,criteo_literie,41.0,106533.0,465.0
2021-09-21,Criteo,criteo_literie,criteo_literie,35.0,84806.0,467.0
2021-09-13,Criteo,criteo_literie,criteo_literie,42.0,99827.0,294.0
2021-09-30,Criteo,criteo_literie,criteo_literie,31.0,96914.0,326.0
2021-09-22,Criteo,criteo_literie,criteo_literie,32.0,94068.0,422.0
2021-09-19,Criteo,criteo_literie,criteo_literie,40.0,87184.0,471.0
2021-09-29,Criteo,criteo_literie,criteo_literie,28.0,74768.0,344.0
2021-09-26,Criteo,criteo_literie,criteo_literie,40.0,94815.0,361.0
2021-09-15,Criteo,criteo_literie,criteo_literie,28.0,83885.0,361.0
2021-09-24,Criteo,criteo_literie,criteo_literie,34.0,90547.0,441.0
2021-09-25,Criteo,criteo_literie,criteo_literie,29.0,83343.0,282.0
2021-09-17,Criteo,criteo_literie,criteo_literie,34.0,86786.0,474.0
2021-09-18,Criteo,criteo_literie,criteo_literie,27.0,65086.0,411.0
2021-09-28,Criteo,criteo_literie,criteo_literie,32.0,80251.0,459.0
2021-07-20,Criteo,criteo_epicerie,criteo_epicerie,0.0,0.0,0.0
2021-07-07,Criteo,criteo_epicerie,criteo_epicerie,0.0,0.0,0.0
2021-06-28,Criteo,criteo_epicerie,criteo_epicerie,0.0,0.0,0.0
2021-06-25,Criteo,criteo_epicerie,criteo_epicerie,5.0,5645.0,7.0
2021-06-22,Criteo,criteo_epicerie,criteo_epicerie,6.0,10072.0,9.0
2021-06-19,Criteo,criteo_epicerie,criteo_epicerie,9.0,11949.0,11.0
2021-06-18,Criteo,criteo_epicerie,criteo_epicerie,13.0,17632.0,12.0
2021-06-17,Criteo,criteo_epicerie,criteo_epicerie,13.0,19049.0,12.0
2021-06-12,Criteo,criteo_epicerie,criteo_epicerie,10.0,15021.0,14.0
2021-06-11,Criteo,criteo_epicerie,criteo_epicerie,10.0,16092.0,16.0
2021-06-09,Criteo,criteo_epicerie,criteo_epicerie,13.0,23165.0,16.0
2021-06-01,Criteo,criteo_epicerie,criteo_epicerie,10.0,23596.0,17.0
2021-06-20,Criteo,criteo_epicerie,criteo_epicerie,15.0,19536.0,18.0
2021-06-21,Criteo,criteo_epicerie,criteo_epicerie,21.0,24157.0,18.0
2021-06-24,Criteo,criteo_epicerie,criteo_epicerie,19.0,24442.0,18.0
2021-06-13,Criteo,criteo_epicerie,criteo_epicerie,11.0,14711.0,19.0
2021-06-23,Criteo,criteo_epicerie,criteo_epicerie,16.0,21912.0,22.0
2021-06-16,Criteo,criteo_epicerie,criteo_epicerie,14.0,20307.0,22.0
2021-06-15,Criteo,criteo_epicerie,criteo_epicerie,19.0,24173.0,23.0
2021-06-03,Criteo,criteo_epicerie,criteo_epicerie,13.0,26995.0,25.0
2021-06-14,Criteo,criteo_epicerie,criteo_epicerie,21.0,25985.0,26.0
2021-06-10,Criteo,criteo_epicerie,criteo_epicerie,20.0,28358.0,27.0
2021-06-04,Criteo,criteo_epicerie,criteo_epicerie,13.0,28343.0,29.0
2021-06-06,Criteo,criteo_epicerie,criteo_epicerie,14.0,28270.0,29.0
2021-06-08,Criteo,criteo_epicerie,criteo_epicerie,20.0,35091.0,32.0
2021-06-02,Criteo,criteo_epicerie,criteo_epicerie,21.0,36526.0,34.0
2021-06-05,Criteo,criteo_epicerie,criteo_epicerie,15.0,26975.0,41.0
2021-06-07,Criteo,criteo_epicerie,criteo_epicerie,21.0,35354.0,43.0
2021-06-01,Criteo,criteo_mid_funnel,criteo_mid_funnel,4.0,10271.0,15.0
2021-09-07,Criteo,criteo_mid_funnel,criteo_mid_funnel,13.0,25460.0,22.0
2021-09-10,Criteo,criteo_mid_funnel,criteo_mid_funnel,18.0,28753.0,27.0
2021-06-16,Criteo,criteo_mid_funnel,criteo_mid_funnel,11.0,21727.0,28.0
2021-06-26,Criteo,criteo_mid_funnel,criteo_mid_funnel,12.0,19405.0,28.0
2021-06-15,Criteo,criteo_mid_funnel,criteo_mid_funnel,14.0,22428.0,29.0
2021-06-25,Criteo,criteo_mid_funnel,criteo_mid_funnel,13.0,22148.0,29.0
2021-08-31,Criteo,criteo_mid_funnel,criteo_mid_funnel,19.0,36072.0,31.0
2021-06-17,Criteo,criteo_mid_funnel,criteo_mid_funnel,15.0,27750.0,32.0
2021-06-05,Criteo,criteo_mid_funnel,criteo_mid_funnel,10.0,19279.0,32.0
2021-07-27,Criteo,criteo_mid_funnel,criteo_mid_funnel,19.0,28440.0,32.0
2021-07-06,Criteo,criteo_mid_funnel,criteo_mid_funnel,13.0,23511.0,32.0
2021-06-11,Criteo,criteo_mid_funnel,criteo_mid_funnel,13.0,24205.0,34.0
2021-09-08,Criteo,criteo_mid_funnel,criteo_mid_funnel,20.0,34371.0,38.0
2021-06-18,Criteo,criteo_mid_funnel,criteo_mid_funnel,16.0,28253.0,38.0
2021-06-29,Criteo,criteo_mid_funnel,criteo_mid_funnel,14.0,28592.0,38.0
2021-06-30,Criteo,criteo_mid_funnel,criteo_mid_funnel,18.0,31137.0,38.0
2021-06-19,Criteo,criteo_mid_funnel,criteo_mid_funnel,14.0,24818.0,38.0
2021-07-21,Criteo,criteo_mid_funnel,criteo_mid_funnel,17.0,27319.0,38.0
2021-06-20,Criteo,criteo_mid_funnel,criteo_mid_funnel,17.0,30307.0,40.0
2021-06-22,Criteo,criteo_mid_funnel,criteo_mid_funnel,16.0,30168.0,40.0
2021-06-03,Criteo,criteo_mid_funnel,criteo_mid_funnel,13.0,27803.0,40.0
2021-08-30,Criteo,criteo_mid_funnel,criteo_mid_funnel,22.0,35434.0,40.0
2021-08-28,Criteo,criteo_mid_funnel,criteo_mid_funnel,19.0,35341.0,40.0
2021-08-26,Criteo,criteo_mid_funnel,criteo_mid_funnel,20.0,37026.0,42.0
2021-07-14,Criteo,criteo_mid_funnel,criteo_mid_funnel,14.0,25098.0,42.0
2021-07-05,Criteo,criteo_mid_funnel,criteo_mid_funnel,16.0,27773.0,42.0
2021-07-15,Criteo,criteo_mid_funnel,criteo_mid_funnel,20.0,34386.0,44.0
2021-06-07,Criteo,criteo_mid_funnel,criteo_mid_funnel,16.0,29876.0,44.0
2021-06-21,Criteo,criteo_mid_funnel,criteo_mid_funnel,21.0,35564.0,44.0
2021-07-28,Criteo,criteo_mid_funnel,criteo_mid_funnel,22.0,34174.0,44.0
2021-07-17,Criteo,criteo_mid_funnel,criteo_mid_funnel,15.0,27374.0,46.0
2021-09-25,Criteo,criteo_mid_funnel,criteo_mid_funnel,18.0,27357.0,46.0
2021-06-04,Criteo,criteo_mid_funnel,criteo_mid_funnel,13.0,26195.0,46.0
2021-09-09,Criteo,criteo_mid_funnel,criteo_mid_funnel,22.0,36575.0,46.0
2021-06-23,Criteo,criteo_mid_funnel,criteo_mid_funnel,21.0,33971.0,46.0
2021-06-28,Criteo,criteo_mid_funnel,criteo_mid_funnel,21.0,36400.0,46.0
2021-09-14,Criteo,criteo_mid_funnel,criteo_mid_funnel,17.0,30543.0,46.0
2021-06-13,Criteo,criteo_mid_funnel,criteo_mid_funnel,16.0,26600.0,48.0
2021-07-23,Criteo,criteo_mid_funnel,criteo_mid_funnel,23.0,33898.0,50.0
2021-09-21,Criteo,criteo_mid_funnel,criteo_mid_funnel,18.0,31598.0,50.0
2021-06-06,Criteo,criteo_mid_funnel,criteo_mid_funnel,14.0,24417.0,50.0
2021-07-30,Criteo,criteo_mid_funnel,criteo_mid_funnel,24.0,37857.0,50.0
2021-06-14,Criteo,criteo_mid_funnel,criteo_mid_funnel,21.0,35956.0,52.0
2021-08-04,Criteo,criteo_mid_funnel,criteo_mid_funnel,27.0,39812.0,52.0
2021-07-11,Criteo,criteo_mid_funnel,criteo_mid_funnel,18.0,27857.0,54.0
2021-09-23,Criteo,criteo_mid_funnel,criteo_mid_funnel,20.0,34418.0,54.0
2021-08-03,Criteo,criteo_mid_funnel,criteo_mid_funnel,26.0,38071.0,54.0
2021-07-20,Criteo,criteo_mid_funnel,criteo_mid_funnel,26.0,37143.0,56.0
2021-06-09,Criteo,criteo_mid_funnel,criteo_mid_funnel,17.0,30731.0,56.0
2021-07-10,Criteo,criteo_mid_funnel,criteo_mid_funnel,16.0,25454.0,56.0
2021-08-29,Criteo,criteo_mid_funnel,criteo_mid_funnel,20.0,36867.0,56.0
2021-08-05,Criteo,criteo_mid_funnel,criteo_mid_funnel,27.0,44770.0,58.0
2021-09-18,Criteo,criteo_mid_funnel,criteo_mid_funnel,18.0,29789.0,58.0
2021-08-02,Criteo,criteo_mid_funnel,criteo_mid_funnel,27.0,39914.0,58.0
2021-08-16,Criteo,criteo_mid_funnel,criteo_mid_funnel,26.0,40348.0,62.0
2021-09-06,Criteo,criteo_mid_funnel,criteo_mid_funnel,30.0,50237.0,64.0
2021-09-24,Criteo,criteo_mid_funnel,criteo_mid_funnel,23.0,34714.0,68.0
2021-09-20,Criteo,criteo_mid_funnel,criteo_mid_funnel,27.0,44203.0,68.0
2021-09-12,Criteo,criteo_mid_funnel,criteo_mid_funnel,25.0,41880.0,68.0
2021-08-23,Criteo,criteo_mid_funnel,criteo_mid_funnel,30.0,48373.0,76.0
2021-08-17,Criteo,criteo_mid_funnel,criteo_mid_funnel,33.0,57649.0,88.0
2021-08-19,Criteo,criteo_mid_funnel,criteo_mid_funnel,22.0,41276.0,65.0
2021-07-16,Criteo,criteo_mid_funnel,criteo_mid_funnel,24.0,38819.0,65.0
2021-08-18,Criteo,criteo_mid_funnel,criteo_mid_funnel,26.0,46769.0,65.0
2021-08-06,Criteo,criteo_mid_funnel,criteo_mid_funnel,26.0,44241.0,69.0
2021-08-15,Criteo,criteo_mid_funnel,criteo_mid_funnel,27.0,40682.0,73.0
2021-09-27,Criteo,criteo_mid_funnel,criteo_mid_funnel,30.0,48082.0,77.0
2021-09-26,Criteo,criteo_mid_funnel,criteo_mid_funnel,21.0,32943.0,77.0
2021-08-08,Criteo,criteo_mid_funnel,criteo_mid_funnel,27.0,43980.0,85.0
2021-07-08,Criteo,criteo_mid_funnel,criteo_mid_funnel,13.0,22558.0,33.0
2021-07-24,Criteo,criteo_mid_funnel,criteo_mid_funnel,14.0,22244.0,33.0
2021-06-24,Criteo,criteo_mid_funnel,criteo_mid_funnel,15.0,25943.0,35.0
2021-08-24,Criteo,criteo_mid_funnel,criteo_mid_funnel,20.0,35078.0,35.0
2021-09-01,Criteo,criteo_mid_funnel,criteo_mid_funnel,16.0,34023.0,35.0
2021-06-12,Criteo,criteo_mid_funnel,criteo_mid_funnel,13.0,20072.0,35.0
2021-07-29,Criteo,criteo_mid_funnel,criteo_mid_funnel,18.0,29932.0,37.0
2021-06-08,Criteo,criteo_mid_funnel,criteo_mid_funnel,14.0,26568.0,37.0
2021-07-31,Criteo,criteo_mid_funnel,criteo_mid_funnel,17.0,29226.0,37.0
2021-07-13,Criteo,criteo_mid_funnel,criteo_mid_funnel,17.0,30110.0,41.0
2021-06-10,Criteo,criteo_mid_funnel,criteo_mid_funnel,13.0,24632.0,41.0
2021-07-02,Criteo,criteo_mid_funnel,criteo_mid_funnel,15.0,26931.0,41.0
2021-09-04,Criteo,criteo_mid_funnel,criteo_mid_funnel,14.0,28894.0,41.0
2021-09-02,Criteo,criteo_mid_funnel,criteo_mid_funnel,24.0,42194.0,43.0
2021-09-17,Criteo,criteo_mid_funnel,criteo_mid_funnel,17.0,29540.0,45.0
2021-08-20,Criteo,criteo_mid_funnel,criteo_mid_funnel,17.0,31760.0,45.0
2021-07-25,Criteo,criteo_mid_funnel,criteo_mid_funnel,17.0,26361.0,47.0
2021-09-15,Criteo,criteo_mid_funnel,criteo_mid_funnel,19.0,35054.0,47.0
2021-07-22,Criteo,criteo_mid_funnel,criteo_mid_funnel,22.0,34699.0,47.0
2021-09-11,Criteo,criteo_mid_funnel,criteo_mid_funnel,18.0,30788.0,47.0
2021-06-02,Criteo,criteo_mid_funnel,criteo_mid_funnel,15.0,30619.0,49.0
2021-07-26,Criteo,criteo_mid_funnel,criteo_mid_funnel,23.0,30838.0,49.0
2021-07-09,Criteo,criteo_mid_funnel,criteo_mid_funnel,16.0,27266.0,49.0
2021-07-19,Criteo,criteo_mid_funnel,criteo_mid_funnel,26.0,37105.0,49.0
2021-08-25,Criteo,criteo_mid_funnel,criteo_mid_funnel,25.0,42709.0,49.0
2021-08-21,Criteo,criteo_mid_funnel,criteo_mid_funnel,14.0,24605.0,49.0
2021-09-16,Criteo,criteo_mid_funnel,criteo_mid_funnel,22.0,36838.0,51.0
2021-07-04,Criteo,criteo_mid_funnel,criteo_mid_funnel,16.0,26057.0,51.0
2021-06-27,Criteo,criteo_mid_funnel,criteo_mid_funnel,17.0,31724.0,51.0
2021-08-27,Criteo,criteo_mid_funnel,criteo_mid_funnel,24.0,42456.0,51.0
2021-09-05,Criteo,criteo_mid_funnel,criteo_mid_funnel,20.0,39231.0,53.0
2021-09-03,Criteo,criteo_mid_funnel,criteo_mid_funnel,22.0,40022.0,53.0
2021-07-01,Criteo,criteo_mid_funnel,criteo_mid_funnel,25.0,42743.0,53.0
2021-07-18,Criteo,criteo_mid_funnel,criteo_mid_funnel,21.0,30071.0,57.0
2021-07-03,Criteo,criteo_mid_funnel,criteo_mid_funnel,18.0,27749.0,57.0
2021-09-22,Criteo,criteo_mid_funnel,criteo_mid_funnel,22.0,39182.0,57.0
2021-08-09,Criteo,criteo_mid_funnel,criteo_mid_funnel,26.0,39219.0,59.0
2021-08-11,Criteo,criteo_mid_funnel,criteo_mid_funnel,26.0,41656.0,59.0
2021-09-13,Criteo,criteo_mid_funnel,criteo_mid_funnel,31.0,44771.0,59.0
2021-08-14,Criteo,criteo_mid_funnel,criteo_mid_funnel,26.0,44035.0,63.0
2021-08-10,Criteo,criteo_mid_funnel,criteo_mid_funnel,26.0,45516.0,63.0
2021-09-19,Criteo,criteo_mid_funnel,criteo_mid_funnel,21.0,35366.0,66.0
2021-09-29,Criteo,criteo_mid_funnel,criteo_mid_funnel,31.0,42623.0,66.0
2021-09-30,Criteo,criteo_mid_funnel,criteo_mid_funnel,32.0,41206.0,66.0
2021-07-07,Criteo,criteo_mid_funnel,criteo_mid_funnel,23.0,38051.0,66.0
2021-08-01,Criteo,criteo_mid_funnel,criteo_mid_funnel,24.0,44084.0,70.0
2021-08-12,Criteo,criteo_mid_funnel,criteo_mid_funnel,26.0,45004.0,70.0
2021-08-22,Criteo,criteo_mid_funnel,criteo_mid_funnel,24.0,41370.0,78.0
2021-08-13,Criteo,criteo_mid_funnel,criteo_mid_funnel,26.0,42008.0,67.0
2021-08-07,Criteo,criteo_mid_funnel,criteo_mid_funnel,24.0,40357.0,67.0
2021-09-28,Criteo,criteo_mid_funnel,criteo_mid_funnel,32.0,44153.0,71.0
2021-07-12,Criteo,criteo_mid_funnel,criteo_mid_funnel,33.0,48821.0,79.0
2021-07-20,Criteo,criteo_audience_tv,criteo_audience_tv,0.0,0.0,0.0
2021-07-07,Criteo,criteo_audience_tv,criteo_audience_tv,0.0,0.0,0.0
2021-07-08,Criteo,criteo_audience_tv,criteo_audience_tv,0.0,0.0,0.0
2021-07-12,Criteo,criteo_audience_tv,criteo_audience_tv,0.0,0.0,0.0
2021-07-09,Criteo,criteo_audience_tv,criteo_audience_tv,0.0,0.0,0.0
2021-07-15,Criteo,criteo_audience_tv,criteo_audience_tv,0.0,0.0,0.0
2021-07-13,Criteo,criteo_audience_tv,criteo_audience_tv,0.0,0.0,0.0
2021-07-06,Criteo,criteo_audience_tv,criteo_audience_tv,0.0,0.0,0.0
2021-07-11,Criteo,criteo_audience_tv,criteo_audience_tv,0.0,0.0,0.0
2021-07-10,Criteo,criteo_audience_tv,criteo_audience_tv,0.0,0.0,0.0
2021-07-21,Criteo,criteo_audience_tv,criteo_audience_tv,0.0,0.0,0.0
2021-08-02,Criteo,criteo_audience_tv,criteo_audience_tv,0.0,0.0,0.0
2021-07-19,Criteo,criteo_audience_tv,criteo_audience_tv,0.0,0.0,0.0
2021-07-26,Criteo,criteo_audience_tv,criteo_audience_tv,0.0,0.0,0.0
2021-07-14,Criteo,criteo_audience_tv,criteo_audience_tv,0.0,0.0,0.0
2021-07-16,Criteo,criteo_audience_tv,criteo_audience_tv,0.0,0.0,0.0
2021-07-05,Criteo,criteo_audience_tv,criteo_audience_tv,5.0,1477.0,6.0
2021-06-20,Criteo,criteo_audience_tv,criteo_audience_tv,8.0,2211.0,7.0
2021-06-26,Criteo,criteo_audience_tv,criteo_audience_tv,8.0,3173.0,12.0
2021-06-27,Criteo,criteo_audience_tv,criteo_audience_tv,9.0,3913.0,14.0
2021-06-25,Criteo,criteo_audience_tv,criteo_audience_tv,10.0,4373.0,14.0
2021-06-11,Criteo,criteo_audience_tv,criteo_audience_tv,11.0,5678.0,15.0
2021-06-23,Criteo,criteo_audience_tv,criteo_audience_tv,14.0,6817.0,16.0
2021-06-24,Criteo,criteo_audience_tv,criteo_audience_tv,12.0,5492.0,16.0
2021-06-21,Criteo,criteo_audience_tv,criteo_audience_tv,21.0,6828.0,18.0
2021-06-13,Criteo,criteo_audience_tv,criteo_audience_tv,19.0,8075.0,22.0
2021-06-29,Criteo,criteo_audience_tv,criteo_audience_tv,27.0,6752.0,22.0
2021-06-30,Criteo,criteo_audience_tv,criteo_audience_tv,38.0,7000.0,22.0
2021-06-01,Criteo,criteo_audience_tv,criteo_audience_tv,21.0,6322.0,22.0
2021-06-12,Criteo,criteo_audience_tv,criteo_audience_tv,12.0,5699.0,23.0
2021-06-10,Criteo,criteo_audience_tv,criteo_audience_tv,16.0,8879.0,23.0
2021-06-04,Criteo,criteo_audience_tv,criteo_audience_tv,11.0,6573.0,25.0
2021-06-07,Criteo,criteo_audience_tv,criteo_audience_tv,10.0,6541.0,25.0
2021-06-22,Criteo,criteo_audience_tv,criteo_audience_tv,17.0,7465.0,25.0
2021-06-06,Criteo,criteo_audience_tv,criteo_audience_tv,14.0,7925.0,27.0
2021-06-03,Criteo,criteo_audience_tv,criteo_audience_tv,18.0,8628.0,28.0
2021-06-08,Criteo,criteo_audience_tv,criteo_audience_tv,12.0,7860.0,28.0
2021-06-05,Criteo,criteo_audience_tv,criteo_audience_tv,10.0,5610.0,29.0
2021-06-28,Criteo,criteo_audience_tv,criteo_audience_tv,26.0,6831.0,29.0
2021-06-09,Criteo,criteo_audience_tv,criteo_audience_tv,17.0,10135.0,31.0
2021-06-02,Criteo,criteo_audience_tv,criteo_audience_tv,21.0,8447.0,32.0
2021-07-01,Criteo,criteo_audience_tv,criteo_audience_tv,42.0,9254.0,32.0
2021-06-14,Criteo,criteo_audience_tv,criteo_audience_tv,49.0,11426.0,34.0
2021-07-04,Criteo,criteo_audience_tv,criteo_audience_tv,38.0,11733.0,40.0
2021-06-16,Criteo,criteo_audience_tv,criteo_audience_tv,79.0,14213.0,42.0
2021-06-17,Criteo,criteo_audience_tv,criteo_audience_tv,79.0,14988.0,48.0
2021-07-02,Criteo,criteo_audience_tv,criteo_audience_tv,36.0,10106.0,37.0
2021-07-03,Criteo,criteo_audience_tv,criteo_audience_tv,35.0,10080.0,37.0
2021-06-15,Criteo,criteo_audience_tv,criteo_audience_tv,76.0,13936.0,45.0
2021-06-18,Criteo,criteo_audience_tv,criteo_audience_tv,74.0,15228.0,45.0
2021-06-19,Criteo,criteo_audience_tv,criteo_audience_tv,55.0,11906.0,53.0
2021-08-29,Criteo,criteo_lower_funnel,criteo_lower_funnel,0.0,3.0,0.0
2021-08-08,Criteo,criteo_lower_funnel,criteo_lower_funnel,0.0,0.0,0.0
2021-08-07,Criteo,criteo_lower_funnel,criteo_lower_funnel,0.0,0.0,0.0
2021-08-05,Criteo,criteo_lower_funnel,criteo_lower_funnel,0.0,7.0,0.0
2021-08-06,Criteo,criteo_lower_funnel,criteo_lower_funnel,0.0,0.0,0.0
2021-09-01,Criteo,criteo_lower_funnel,criteo_lower_funnel,8.0,8783.0,24.0
2021-09-03,Criteo,criteo_lower_funnel,criteo_lower_funnel,12.0,12073.0,29.0
2021-09-02,Criteo,criteo_lower_funnel,criteo_lower_funnel,10.0,9830.0,32.0
2021-08-30,Criteo,criteo_lower_funnel,criteo_lower_funnel,23.0,17358.0,36.0
2021-07-10,Criteo,criteo_lower_funnel,criteo_lower_funnel,29.0,19714.0,58.0
2021-07-11,Criteo,criteo_lower_funnel,criteo_lower_funnel,30.0,18722.0,62.0
2021-06-19,Criteo,criteo_lower_funnel,criteo_lower_funnel,28.0,23880.0,68.0
2021-06-16,Criteo,criteo_lower_funnel,criteo_lower_funnel,42.0,35189.0,72.0
2021-06-15,Criteo,criteo_lower_funnel,criteo_lower_funnel,48.0,35797.0,80.0
2021-07-09,Criteo,criteo_lower_funnel,criteo_lower_funnel,47.0,31558.0,80.0
2021-06-21,Criteo,criteo_lower_funnel,criteo_lower_funnel,50.0,40406.0,88.0
2021-06-22,Criteo,criteo_lower_funnel,criteo_lower_funnel,51.0,41252.0,88.0
2021-06-11,Criteo,criteo_lower_funnel,criteo_lower_funnel,65.0,43836.0,92.0
2021-06-23,Criteo,criteo_lower_funnel,criteo_lower_funnel,69.0,49343.0,108.0
2021-06-06,Criteo,criteo_lower_funnel,criteo_lower_funnel,51.0,45723.0,112.0
2021-07-07,Criteo,criteo_lower_funnel,criteo_lower_funnel,81.0,51213.0,116.0
2021-06-02,Criteo,criteo_lower_funnel,criteo_lower_funnel,54.0,48204.0,116.0
2021-07-25,Criteo,criteo_lower_funnel,criteo_lower_funnel,46.0,38446.0,136.0
2021-06-09,Criteo,criteo_lower_funnel,criteo_lower_funnel,89.0,63659.0,144.0
2021-08-20,Criteo,criteo_lower_funnel,criteo_lower_funnel,88.0,73047.0,176.0
2021-09-15,Criteo,criteo_lower_funnel,criteo_lower_funnel,90.0,68915.0,176.0
2021-09-30,Criteo,criteo_lower_funnel,criteo_lower_funnel,109.0,76184.0,192.0
2021-07-13,Criteo,criteo_lower_funnel,criteo_lower_funnel,124.0,60809.0,208.0
2021-09-09,Criteo,criteo_lower_funnel,criteo_lower_funnel,134.0,89724.0,224.0
2021-08-24,Criteo,criteo_lower_funnel,criteo_lower_funnel,143.0,106754.0,240.0
2021-07-17,Criteo,criteo_lower_funnel,criteo_lower_funnel,89.0,80505.0,288.0
2021-08-04,Criteo,criteo_lower_funnel,criteo_lower_funnel,173.0,108033.0,320.0
2021-09-18,Criteo,criteo_lower_funnel,criteo_lower_funnel,78.0,56674.0,153.0
2021-08-17,Criteo,criteo_lower_funnel,criteo_lower_funnel,61.0,58143.0,153.0
2021-09-22,Criteo,criteo_lower_funnel,criteo_lower_funnel,129.0,94677.0,225.0
2021-09-28,Criteo,criteo_lower_funnel,criteo_lower_funnel,123.0,90850.0,225.0
2021-09-07,Criteo,criteo_lower_funnel,criteo_lower_funnel,122.0,87708.0,225.0
2021-07-16,Criteo,criteo_lower_funnel,criteo_lower_funnel,100.0,100497.0,306.0
2021-07-31,Criteo,criteo_lower_funnel,criteo_lower_funnel,269.0,151108.0,498.0
2021-07-14,Criteo,criteo_lower_funnel,criteo_lower_funnel,280.0,128663.0,467.0
2021-08-03,Criteo,criteo_lower_funnel,criteo_lower_funnel,594.0,387926.0,1100.0
2021-07-12,Criteo,criteo_lower_funnel,criteo_lower_funnel,35.0,24611.0,69.0
2021-06-17,Criteo,criteo_lower_funnel,criteo_lower_funnel,38.0,31583.0,69.0
2021-06-01,Criteo,criteo_lower_funnel,criteo_lower_funnel,47.0,40953.0,77.0
2021-06-14,Criteo,criteo_lower_funnel,criteo_lower_funnel,58.0,42606.0,81.0
2021-07-24,Criteo,criteo_lower_funnel,criteo_lower_funnel,32.0,25616.0,93.0
2021-07-23,Criteo,criteo_lower_funnel,criteo_lower_funnel,34.0,31064.0,101.0
2021-08-28,Criteo,criteo_lower_funnel,criteo_lower_funnel,56.0,38022.0,109.0
2021-06-04,Criteo,criteo_lower_funnel,criteo_lower_funnel,55.0,53669.0,117.0
2021-09-14,Criteo,criteo_lower_funnel,criteo_lower_funnel,70.0,51281.0,125.0
2021-09-17,Criteo,criteo_lower_funnel,criteo_lower_funnel,77.0,59580.0,130.0
2021-07-21,Criteo,criteo_lower_funnel,criteo_lower_funnel,46.0,46816.0,138.0
2021-06-29,Criteo,criteo_lower_funnel,criteo_lower_funnel,101.0,69011.0,162.0
2021-08-21,Criteo,criteo_lower_funnel,criteo_lower_funnel,111.0,79245.0,218.0
2021-06-30,Criteo,criteo_lower_funnel,criteo_lower_funnel,215.0,103940.0,242.0
2021-08-09,Criteo,criteo_lower_funnel,criteo_lower_funnel,303.0,217829.0,648.0
2021-09-21,Criteo,criteo_lower_funnel,criteo_lower_funnel,149.0,100829.0,261.0
2021-08-12,Criteo,criteo_lower_funnel,criteo_lower_funnel,147.0,124265.0,373.0
2021-07-20,Criteo,criteo_lower_funnel,criteo_lower_funnel,45.0,50172.0,147.0
2021-06-27,Criteo,criteo_lower_funnel,criteo_lower_funnel,98.0,59376.0,155.0
2021-07-27,Criteo,criteo_lower_funnel,criteo_lower_funnel,87.0,71229.0,211.0
2021-07-01,Criteo,criteo_lower_funnel,criteo_lower_funnel,177.0,103688.0,219.0
2021-09-26,Criteo,criteo_lower_funnel,criteo_lower_funnel,109.0,78317.0,235.0
2021-09-08,Criteo,criteo_lower_funnel,criteo_lower_funnel,133.0,90467.0,235.0
2021-08-25,Criteo,criteo_lower_funnel,criteo_lower_funnel,149.0,104615.0,251.0
2021-07-29,Criteo,criteo_lower_funnel,criteo_lower_funnel,146.0,96385.0,278.0
2021-07-15,Criteo,criteo_lower_funnel,criteo_lower_funnel,203.0,129457.0,439.0
2021-08-01,Criteo,criteo_lower_funnel,criteo_lower_funnel,474.0,275597.0,879.0
2021-09-04,Criteo,criteo_lower_funnel,criteo_lower_funnel,17.0,17150.0,43.0
2021-08-31,Criteo,criteo_lower_funnel,criteo_lower_funnel,12.0,11698.0,45.0
2021-06-18,Criteo,criteo_lower_funnel,criteo_lower_funnel,34.0,29000.0,57.0
2021-08-18,Criteo,criteo_lower_funnel,criteo_lower_funnel,38.0,37127.0,90.0
2021-06-13,Criteo,criteo_lower_funnel,criteo_lower_funnel,54.0,34046.0,94.0
2021-07-22,Criteo,criteo_lower_funnel,criteo_lower_funnel,35.0,35208.0,102.0
2021-06-24,Criteo,criteo_lower_funnel,criteo_lower_funnel,70.0,48940.0,110.0
2021-06-26,Criteo,criteo_lower_funnel,criteo_lower_funnel,68.0,41957.0,110.0
2021-07-06,Criteo,criteo_lower_funnel,criteo_lower_funnel,92.0,56666.0,114.0
2021-06-07,Criteo,criteo_lower_funnel,criteo_lower_funnel,81.0,62108.0,118.0
2021-06-03,Criteo,criteo_lower_funnel,criteo_lower_funnel,58.0,52109.0,122.0
2021-08-19,Criteo,criteo_lower_funnel,criteo_lower_funnel,67.0,56705.0,126.0
2021-07-02,Criteo,criteo_lower_funnel,criteo_lower_funnel,95.0,61005.0,126.0
2021-07-04,Criteo,criteo_lower_funnel,criteo_lower_funnel,94.0,61828.0,140.0
2021-09-29,Criteo,criteo_lower_funnel,criteo_lower_funnel,112.0,77220.0,180.0
2021-08-27,Criteo,criteo_lower_funnel,criteo_lower_funnel,107.0,74198.0,180.0
2021-07-26,Criteo,criteo_lower_funnel,criteo_lower_funnel,71.0,53949.0,188.0
2021-08-13,Criteo,criteo_lower_funnel,criteo_lower_funnel,139.0,108363.0,328.0
2021-08-22,Criteo,criteo_lower_funnel,criteo_lower_funnel,178.0,124228.0,344.0
2021-07-18,Criteo,criteo_lower_funnel,criteo_lower_funnel,82.0,70826.0,265.0
2021-07-03,Criteo,criteo_lower_funnel,criteo_lower_funnel,83.0,53104.0,133.0
2021-09-10,Criteo,criteo_lower_funnel,criteo_lower_funnel,82.0,57026.0,133.0
2021-09-25,Criteo,criteo_lower_funnel,criteo_lower_funnel,80.0,56774.0,165.0
2021-09-23,Criteo,criteo_lower_funnel,criteo_lower_funnel,114.0,84412.0,189.0
2021-08-23,Criteo,criteo_lower_funnel,criteo_lower_funnel,173.0,116283.0,298.0
2021-09-06,Criteo,criteo_lower_funnel,criteo_lower_funnel,131.0,99133.0,267.0
2021-07-30,Criteo,criteo_lower_funnel,criteo_lower_funnel,187.0,112668.0,347.0
2021-07-08,Criteo,criteo_lower_funnel,criteo_lower_funnel,47.0,32732.0,67.0
2021-06-20,Criteo,criteo_lower_funnel,criteo_lower_funnel,36.0,30582.0,71.0
2021-09-05,Criteo,criteo_lower_funnel,criteo_lower_funnel,33.0,31244.0,91.0
2021-06-12,Criteo,criteo_lower_funnel,criteo_lower_funnel,52.0,32906.0,91.0
2021-06-05,Criteo,criteo_lower_funnel,criteo_lower_funnel,41.0,39541.0,95.0
2021-06-25,Criteo,criteo_lower_funnel,criteo_lower_funnel,74.0,49640.0,111.0
2021-09-11,Criteo,criteo_lower_funnel,criteo_lower_funnel,61.0,43438.0,115.0
2021-07-05,Criteo,criteo_lower_funnel,criteo_lower_funnel,99.0,58780.0,115.0
2021-09-13,Criteo,criteo_lower_funnel,criteo_lower_funnel,67.0,49562.0,123.0
2021-09-12,Criteo,criteo_lower_funnel,criteo_lower_funnel,63.0,45647.0,134.0
2021-06-10,Criteo,criteo_lower_funnel,criteo_lower_funnel,90.0,60275.0,134.0
2021-06-08,Criteo,criteo_lower_funnel,criteo_lower_funnel,85.0,63036.0,134.0
2021-09-16,Criteo,criteo_lower_funnel,criteo_lower_funnel,81.0,61628.0,150.0
2021-09-19,Criteo,criteo_lower_funnel,criteo_lower_funnel,95.0,66531.0,182.0
2021-07-28,Criteo,criteo_lower_funnel,criteo_lower_funnel,78.0,67086.0,190.0
2021-06-28,Criteo,criteo_lower_funnel,criteo_lower_funnel,123.0,78965.0,190.0
2021-09-27,Criteo,criteo_lower_funnel,criteo_lower_funnel,122.0,81657.0,198.0
2021-07-19,Criteo,criteo_lower_funnel,criteo_lower_funnel,66.0,72776.0,214.0
2021-08-11,Criteo,criteo_lower_funnel,criteo_lower_funnel,142.0,137150.0,348.0
2021-08-15,Criteo,criteo_lower_funnel,criteo_lower_funnel,172.0,131345.0,460.0
2021-08-14,Criteo,criteo_lower_funnel,criteo_lower_funnel,123.0,99656.0,317.0
2021-08-10,Criteo,criteo_lower_funnel,criteo_lower_funnel,181.0,157751.0,461.0
2021-08-02,Criteo,criteo_lower_funnel,criteo_lower_funnel,583.0,362013.0,1079.0
2021-09-24,Criteo,criteo_lower_funnel,criteo_lower_funnel,101.0,70205.0,167.0
2021-08-26,Criteo,criteo_lower_funnel,criteo_lower_funnel,132.0,99269.0,223.0
2021-09-20,Criteo,criteo_lower_funnel,criteo_lower_funnel,144.0,97919.0,239.0
2021-08-16,Criteo,criteo_lower_funnel,criteo_lower_funnel,152.0,140393.0,415.0
2021-07-10,Criteo,criteo_mid_funnel_bis,criteo_mid_funnel_bis,0.0,12.0,0.0
2021-07-09,Criteo,criteo_mid_funnel_bis,criteo_mid_funnel_bis,0.0,0.0,0.0
2021-07-11,Criteo,criteo_mid_funnel_bis,criteo_mid_funnel_bis,0.0,79.0,0.0
2021-07-08,Criteo,criteo_mid_funnel_bis,criteo_mid_funnel_bis,0.0,1.0,0.0
2021-07-13,Criteo,criteo_mid_funnel_bis,criteo_mid_funnel_bis,5.0,7474.0,9.0
2021-07-12,Criteo,criteo_mid_funnel_bis,criteo_mid_funnel_bis,2.0,3089.0,10.0
2021-08-01,Criteo,criteo_mid_funnel_bis,criteo_mid_funnel_bis,12.0,3464.0,11.0
2021-08-10,Criteo,criteo_mid_funnel_bis,criteo_mid_funnel_bis,10.0,5576.0,12.0
2021-07-29,Criteo,criteo_mid_funnel_bis,criteo_mid_funnel_bis,10.0,15100.0,13.0
2021-08-03,Criteo,criteo_mid_funnel_bis,criteo_mid_funnel_bis,13.0,4991.0,13.0
2021-08-05,Criteo,criteo_mid_funnel_bis,criteo_mid_funnel_bis,13.0,6798.0,14.0
2021-07-26,Criteo,criteo_mid_funnel_bis,criteo_mid_funnel_bis,13.0,16818.0,14.0
2021-08-02,Criteo,criteo_mid_funnel_bis,criteo_mid_funnel_bis,14.0,4587.0,14.0
2021-07-30,Criteo,criteo_mid_funnel_bis,criteo_mid_funnel_bis,12.0,15973.0,14.0
2021-08-04,Criteo,criteo_mid_funnel_bis,criteo_mid_funnel_bis,14.0,6792.0,14.0
2021-08-31,Criteo,criteo_mid_funnel_bis,criteo_mid_funnel_bis,16.0,10295.0,15.0
2021-07-21,Criteo,criteo_mid_funnel_bis,criteo_mid_funnel_bis,10.0,13301.0,15.0
2021-07-22,Criteo,criteo_mid_funnel_bis,criteo_mid_funnel_bis,10.0,14303.0,15.0
2021-07-19,Criteo,criteo_mid_funnel_bis,criteo_mid_funnel_bis,13.0,14415.0,15.0
2021-07-14,Criteo,criteo_mid_funnel_bis,criteo_mid_funnel_bis,8.0,11287.0,15.0
2021-07-31,Criteo,criteo_mid_funnel_bis,criteo_mid_funnel_bis,19.0,9028.0,15.0
2021-08-11,Criteo,criteo_mid_funnel_bis,criteo_mid_funnel_bis,13.0,7985.0,16.0
2021-07-27,Criteo,criteo_mid_funnel_bis,criteo_mid_funnel_bis,9.0,14285.0,16.0
2021-08-08,Criteo,criteo_mid_funnel_bis,criteo_mid_funnel_bis,13.0,8298.0,17.0
2021-08-30,Criteo,criteo_mid_funnel_bis,criteo_mid_funnel_bis,22.0,13218.0,17.0
2021-08-12,Criteo,criteo_mid_funnel_bis,criteo_mid_funnel_bis,13.0,8100.0,17.0
2021-07-24,Criteo,criteo_mid_funnel_bis,criteo_mid_funnel_bis,8.0,11042.0,17.0
2021-08-06,Criteo,criteo_mid_funnel_bis,criteo_mid_funnel_bis,13.0,8215.0,17.0
2021-08-13,Criteo,criteo_mid_funnel_bis,criteo_mid_funnel_bis,13.0,7591.0,17.0
2021-08-16,Criteo,criteo_mid_funnel_bis,criteo_mid_funnel_bis,13.0,7362.0,18.0
2021-07-28,Criteo,criteo_mid_funnel_bis,criteo_mid_funnel_bis,13.0,17081.0,20.0
2021-07-15,Criteo,criteo_mid_funnel_bis,criteo_mid_funnel_bis,14.0,16083.0,20.0
2021-07-23,Criteo,criteo_mid_funnel_bis,criteo_mid_funnel_bis,11.0,14366.0,20.0
2021-08-14,Criteo,criteo_mid_funnel_bis,criteo_mid_funnel_bis,13.0,8041.0,21.0
2021-08-07,Criteo,criteo_mid_funnel_bis,criteo_mid_funnel_bis,13.0,8259.0,21.0
2021-08-15,Criteo,criteo_mid_funnel_bis,criteo_mid_funnel_bis,13.0,7688.0,21.0
2021-08-25,Criteo,criteo_mid_funnel_bis,criteo_mid_funnel_bis,17.0,10536.0,23.0
2021-08-09,Criteo,criteo_mid_funnel_bis,criteo_mid_funnel_bis,10.0,6266.0,23.0
2021-08-20,Criteo,criteo_mid_funnel_bis,criteo_mid_funnel_bis,16.0,10101.0,23.0
2021-07-16,Criteo,criteo_mid_funnel_bis,criteo_mid_funnel_bis,13.0,16174.0,24.0
2021-08-28,Criteo,criteo_mid_funnel_bis,criteo_mid_funnel_bis,20.0,12496.0,24.0
2021-08-26,Criteo,criteo_mid_funnel_bis,criteo_mid_funnel_bis,25.0,15195.0,24.0
2021-08-19,Criteo,criteo_mid_funnel_bis,criteo_mid_funnel_bis,22.0,15239.0,24.0
2021-09-01,Criteo,criteo_mid_funnel_bis,criteo_mid_funnel_bis,17.0,12203.0,25.0
2021-07-25,Criteo,criteo_mid_funnel_bis,criteo_mid_funnel_bis,11.0,15963.0,25.0
2021-08-21,Criteo,criteo_mid_funnel_bis,criteo_mid_funnel_bis,16.0,9461.0,25.0
2021-07-18,Criteo,criteo_mid_funnel_bis,criteo_mid_funnel_bis,13.0,16177.0,26.0
2021-07-17,Criteo,criteo_mid_funnel_bis,criteo_mid_funnel_bis,13.0,15451.0,26.0
2021-08-17,Criteo,criteo_mid_funnel_bis,criteo_mid_funnel_bis,20.0,15098.0,26.0
2021-09-02,Criteo,criteo_mid_funnel_bis,criteo_mid_funnel_bis,30.0,19161.0,26.0
2021-09-10,Criteo,criteo_mid_funnel_bis,criteo_mid_funnel_bis,24.0,12998.0,27.0
2021-07-20,Criteo,criteo_mid_funnel_bis,criteo_mid_funnel_bis,14.0,15198.0,27.0
2021-08-24,Criteo,criteo_mid_funnel_bis,criteo_mid_funnel_bis,25.0,13791.0,27.0
2021-08-29,Criteo,criteo_mid_funnel_bis,criteo_mid_funnel_bis,17.0,9424.0,28.0
2021-08-18,Criteo,criteo_mid_funnel_bis,criteo_mid_funnel_bis,25.0,17503.0,28.0
2021-08-27,Criteo,criteo_mid_funnel_bis,criteo_mid_funnel_bis,21.0,13406.0,29.0
2021-09-14,Criteo,criteo_mid_funnel_bis,criteo_mid_funnel_bis,33.0,17018.0,29.0
2021-09-22,Criteo,criteo_mid_funnel_bis,criteo_mid_funnel_bis,37.0,20136.0,30.0
2021-08-23,Criteo,criteo_mid_funnel_bis,criteo_mid_funnel_bis,34.0,19295.0,34.0
2021-09-12,Criteo,criteo_mid_funnel_bis,criteo_mid_funnel_bis,30.0,14833.0,36.0
2021-09-13,Criteo,criteo_mid_funnel_bis,criteo_mid_funnel_bis,37.0,18653.0,38.0
2021-09-17,Criteo,criteo_mid_funnel_bis,criteo_mid_funnel_bis,33.0,16887.0,38.0
2021-09-21,Criteo,criteo_mid_funnel_bis,criteo_mid_funnel_bis,36.0,19038.0,38.0
2021-09-29,Criteo,criteo_mid_funnel_bis,criteo_mid_funnel_bis,51.0,22389.0,40.0
2021-08-22,Criteo,criteo_mid_funnel_bis,criteo_mid_funnel_bis,29.0,17610.0,42.0
2021-09-06,Criteo,criteo_mid_funnel_bis,criteo_mid_funnel_bis,51.0,27820.0,42.0
2021-09-23,Criteo,criteo_mid_funnel_bis,criteo_mid_funnel_bis,32.0,16792.0,33.0
2021-09-25,Criteo,criteo_mid_funnel_bis,criteo_mid_funnel_bis,30.0,15061.0,33.0
2021-09-18,Criteo,criteo_mid_funnel_bis,criteo_mid_funnel_bis,32.0,15654.0,33.0
2021-09-11,Criteo,criteo_mid_funnel_bis,criteo_mid_funnel_bis,30.0,14074.0,35.0
2021-09-16,Criteo,criteo_mid_funnel_bis,criteo_mid_funnel_bis,36.0,19608.0,35.0
2021-09-26,Criteo,criteo_mid_funnel_bis,criteo_mid_funnel_bis,29.0,14860.0,35.0
2021-09-19,Criteo,criteo_mid_funnel_bis,criteo_mid_funnel_bis,33.0,16151.0,37.0
2021-09-24,Criteo,criteo_mid_funnel_bis,criteo_mid_funnel_bis,38.0,18662.0,39.0
2021-09-15,Criteo,criteo_mid_funnel_bis,criteo_mid_funnel_bis,39.0,20544.0,39.0
2021-09-03,Criteo,criteo_mid_funnel_bis,criteo_mid_funnel_bis,33.0,20747.0,41.0
2021-09-09,Criteo,criteo_mid_funnel_bis,criteo_mid_funnel_bis,34.0,17667.0,41.0
2021-09-07,Criteo,criteo_mid_funnel_bis,criteo_mid_funnel_bis,40.0,21732.0,43.0
2021-09-08,Criteo,criteo_mid_funnel_bis,criteo_mid_funnel_bis,34.0,16920.0,43.0
2021-09-04,Criteo,criteo_mid_funnel_bis,criteo_mid_funnel_bis,37.0,22725.0,45.0
2021-09-28,Criteo,criteo_mid_funnel_bis,criteo_mid_funnel_bis,52.0,22334.0,45.0
2021-09-27,Criteo,criteo_mid_funnel_bis,criteo_mid_funnel_bis,45.0,21047.0,47.0
2021-09-30,Criteo,criteo_mid_funnel_bis,criteo_mid_funnel_bis,51.0,21127.0,49.0
2021-09-20,Criteo,criteo_mid_funnel_bis,criteo_mid_funnel_bis,43.0,22395.0,53.0
2021-09-05,Criteo,criteo_mid_funnel_bis,criteo_mid_funnel_bis,51.0,29031.0,55.0
2021-08-18,Criteo,criteo_seg_occasionnels,criteo_seg_occasionnels,4.0,2447.0,6.0
2021-06-12,Criteo,criteo_seg_occasionnels,criteo_seg_occasionnels,7.0,3809.0,6.0
2021-06-06,Criteo,criteo_seg_occasionnels,criteo_seg_occasionnels,7.0,6334.0,8.0
2021-06-07,Criteo,criteo_seg_occasionnels,criteo_seg_occasionnels,10.0,7746.0,8.0
2021-06-13,Criteo,criteo_seg_occasionnels,criteo_seg_occasionnels,10.0,4961.0,9.0
2021-06-09,Criteo,criteo_seg_occasionnels,criteo_seg_occasionnels,9.0,6336.0,9.0
2021-06-10,Criteo,criteo_seg_occasionnels,criteo_seg_occasionnels,12.0,7518.0,10.0
2021-09-24,Criteo,criteo_seg_occasionnels,criteo_seg_occasionnels,18.0,9513.0,11.0
2021-06-08,Criteo,criteo_seg_occasionnels,criteo_seg_occasionnels,10.0,7289.0,11.0
2021-06-14,Criteo,criteo_seg_occasionnels,criteo_seg_occasionnels,12.0,6968.0,11.0
2021-08-19,Criteo,criteo_seg_occasionnels,criteo_seg_occasionnels,10.0,6182.0,11.0
2021-06-11,Criteo,criteo_seg_occasionnels,criteo_seg_occasionnels,10.0,5157.0,11.0
2021-06-18,Criteo,criteo_seg_occasionnels,criteo_seg_occasionnels,14.0,8452.0,11.0
2021-06-20,Criteo,criteo_seg_occasionnels,criteo_seg_occasionnels,10.0,6635.0,12.0
2021-06-21,Criteo,criteo_seg_occasionnels,criteo_seg_occasionnels,14.0,8045.0,12.0
2021-06-05,Criteo,criteo_seg_occasionnels,criteo_seg_occasionnels,8.0,6548.0,12.0
2021-06-19,Criteo,criteo_seg_occasionnels,criteo_seg_occasionnels,11.0,6697.0,13.0
2021-07-03,Criteo,criteo_seg_occasionnels,criteo_seg_occasionnels,15.0,8593.0,14.0
2021-06-24,Criteo,criteo_seg_occasionnels,criteo_seg_occasionnels,17.0,10441.0,14.0
2021-08-17,Criteo,criteo_seg_occasionnels,criteo_seg_occasionnels,7.0,5718.0,14.0
2021-06-17,Criteo,criteo_seg_occasionnels,criteo_seg_occasionnels,17.0,9760.0,14.0
2021-06-25,Criteo,criteo_seg_occasionnels,criteo_seg_occasionnels,18.0,9942.0,14.0
2021-09-25,Criteo,criteo_seg_occasionnels,criteo_seg_occasionnels,12.0,6860.0,14.0
2021-07-30,Criteo,criteo_seg_occasionnels,criteo_seg_occasionnels,8.0,7131.0,16.0
2021-07-04,Criteo,criteo_seg_occasionnels,criteo_seg_occasionnels,16.0,9871.0,17.0
2021-08-28,Criteo,criteo_seg_occasionnels,criteo_seg_occasionnels,17.0,9903.0,17.0
2021-06-04,Criteo,criteo_seg_occasionnels,criteo_seg_occasionnels,13.0,10523.0,17.0
2021-07-29,Criteo,criteo_seg_occasionnels,criteo_seg_occasionnels,9.0,8067.0,17.0
2021-06-15,Criteo,criteo_seg_occasionnels,criteo_seg_occasionnels,16.0,8896.0,17.0
2021-07-05,Criteo,criteo_seg_occasionnels,criteo_seg_occasionnels,20.0,11251.0,17.0
2021-08-27,Criteo,criteo_seg_occasionnels,criteo_seg_occasionnels,22.0,12146.0,18.0
2021-06-03,Criteo,criteo_seg_occasionnels,criteo_seg_occasionnels,17.0,12782.0,18.0
2021-06-16,Criteo,criteo_seg_occasionnels,criteo_seg_occasionnels,21.0,11436.0,18.0
2021-08-07,Criteo,criteo_seg_occasionnels,criteo_seg_occasionnels,9.0,8227.0,18.0
2021-09-26,Criteo,criteo_seg_occasionnels,criteo_seg_occasionnels,18.0,9969.0,18.0
2021-09-01,Criteo,criteo_seg_occasionnels,criteo_seg_occasionnels,26.0,16840.0,18.0
2021-07-02,Criteo,criteo_seg_occasionnels,criteo_seg_occasionnels,16.0,9951.0,18.0
2021-06-23,Criteo,criteo_seg_occasionnels,criteo_seg_occasionnels,19.0,11428.0,19.0
2021-06-22,Criteo,criteo_seg_occasionnels,criteo_seg_occasionnels,20.0,11852.0,19.0
2021-06-01,Criteo,criteo_seg_occasionnels,criteo_seg_occasionnels,13.0,10358.0,19.0
2021-08-29,Criteo,criteo_seg_occasionnels,criteo_seg_occasionnels,24.0,13172.0,19.0
2021-07-23,Criteo,criteo_seg_occasionnels,criteo_seg_occasionnels,8.0,7508.0,20.0
2021-09-27,Criteo,criteo_seg_occasionnels,criteo_seg_occasionnels,28.0,14110.0,20.0
2021-07-31,Criteo,criteo_seg_occasionnels,criteo_seg_occasionnels,10.0,7262.0,20.0
2021-06-26,Criteo,criteo_seg_occasionnels,criteo_seg_occasionnels,15.0,8388.0,20.0
2021-07-24,Criteo,criteo_seg_occasionnels,criteo_seg_occasionnels,9.0,6359.0,20.0
2021-08-06,Criteo,criteo_seg_occasionnels,criteo_seg_occasionnels,12.0,11461.0,21.0
2021-09-05,Criteo,criteo_seg_occasionnels,criteo_seg_occasionnels,28.0,18457.0,23.0
2021-07-06,Criteo,criteo_seg_occasionnels,criteo_seg_occasionnels,21.0,11944.0,23.0
2021-08-30,Criteo,criteo_seg_occasionnels,criteo_seg_occasionnels,27.0,15126.0,23.0
2021-07-28,Criteo,criteo_seg_occasionnels,criteo_seg_occasionnels,11.0,9584.0,23.0
2021-07-25,Criteo,criteo_seg_occasionnels,criteo_seg_occasionnels,10.0,8645.0,24.0
2021-07-22,Criteo,criteo_seg_occasionnels,criteo_seg_occasionnels,10.0,8363.0,24.0
2021-06-02,Criteo,criteo_seg_occasionnels,criteo_seg_occasionnels,16.0,12870.0,24.0
2021-07-07,Criteo,criteo_seg_occasionnels,criteo_seg_occasionnels,23.0,12416.0,25.0
2021-08-31,Criteo,criteo_seg_occasionnels,criteo_seg_occasionnels,28.0,17321.0,26.0
2021-07-20,Criteo,criteo_seg_occasionnels,criteo_seg_occasionnels,10.0,10303.0,26.0
2021-09-23,Criteo,criteo_seg_occasionnels,criteo_seg_occasionnels,27.0,14342.0,26.0
2021-08-09,Criteo,criteo_seg_occasionnels,criteo_seg_occasionnels,13.0,9741.0,26.0
2021-08-14,Criteo,criteo_seg_occasionnels,criteo_seg_occasionnels,13.0,8867.0,26.0
2021-07-18,Criteo,criteo_seg_occasionnels,criteo_seg_occasionnels,9.0,9447.0,26.0
2021-07-27,Criteo,criteo_seg_occasionnels,criteo_seg_occasionnels,13.0,12896.0,27.0
2021-06-27,Criteo,criteo_seg_occasionnels,criteo_seg_occasionnels,24.0,12382.0,27.0
2021-09-06,Criteo,criteo_seg_occasionnels,criteo_seg_occasionnels,36.0,20142.0,27.0
2021-08-26,Criteo,criteo_seg_occasionnels,criteo_seg_occasionnels,30.0,15649.0,27.0
2021-09-07,Criteo,criteo_seg_occasionnels,criteo_seg_occasionnels,33.0,18584.0,27.0
2021-09-20,Criteo,criteo_seg_occasionnels,criteo_seg_occasionnels,40.0,20593.0,28.0
2021-09-08,Criteo,criteo_seg_occasionnels,criteo_seg_occasionnels,34.0,19651.0,28.0
2021-08-08,Criteo,criteo_seg_occasionnels,criteo_seg_occasionnels,13.0,9971.0,28.0
2021-09-02,Criteo,criteo_seg_occasionnels,criteo_seg_occasionnels,36.0,21176.0,29.0
2021-09-30,Criteo,criteo_seg_occasionnels,criteo_seg_occasionnels,45.0,21542.0,29.0
2021-07-01,Criteo,criteo_seg_occasionnels,criteo_seg_occasionnels,33.0,17238.0,29.0
2021-08-11,Criteo,criteo_seg_occasionnels,criteo_seg_occasionnels,16.0,11907.0,30.0
2021-07-08,Criteo,criteo_seg_occasionnels,criteo_seg_occasionnels,27.0,15089.0,30.0
2021-09-22,Criteo,criteo_seg_occasionnels,criteo_seg_occasionnels,39.0,20333.0,30.0
2021-09-18,Criteo,criteo_seg_occasionnels,criteo_seg_occasionnels,45.0,22220.0,30.0
2021-07-11,Criteo,criteo_seg_occasionnels,criteo_seg_occasionnels,30.0,14441.0,30.0
2021-09-21,Criteo,criteo_seg_occasionnels,criteo_seg_occasionnels,38.0,18753.0,30.0
2021-09-03,Criteo,criteo_seg_occasionnels,criteo_seg_occasionnels,41.0,25536.0,30.0
2021-08-13,Criteo,criteo_seg_occasionnels,criteo_seg_occasionnels,14.0,9600.0,30.0
2021-09-04,Criteo,criteo_seg_occasionnels,criteo_seg_occasionnels,30.0,19255.0,31.0
2021-09-19,Criteo,criteo_seg_occasionnels,criteo_seg_occasionnels,47.0,22027.0,31.0
2021-06-29,Criteo,criteo_seg_occasionnels,criteo_seg_occasionnels,28.0,15422.0,31.0
2021-07-09,Criteo,criteo_seg_occasionnels,criteo_seg_occasionnels,32.0,16705.0,32.0
2021-08-10,Criteo,criteo_seg_occasionnels,criteo_seg_occasionnels,14.0,10947.0,32.0
2021-07-12,Criteo,criteo_seg_occasionnels,criteo_seg_occasionnels,37.0,18668.0,34.0
2021-08-04,Criteo,criteo_seg_occasionnels,criteo_seg_occasionnels,19.0,19056.0,36.0
2021-08-25,Criteo,criteo_seg_occasionnels,criteo_seg_occasionnels,44.0,21426.0,36.0
2021-08-20,Criteo,criteo_seg_occasionnels,criteo_seg_occasionnels,37.0,20386.0,38.0
2021-06-28,Criteo,criteo_seg_occasionnels,criteo_seg_occasionnels,34.0,18832.0,38.0
2021-07-17,Criteo,criteo_seg_occasionnels,criteo_seg_occasionnels,14.0,11786.0,38.0
2021-09-09,Criteo,criteo_seg_occasionnels,criteo_seg_occasionnels,52.0,25595.0,40.0
2021-08-15,Criteo,criteo_seg_occasionnels,criteo_seg_occasionnels,20.0,13398.0,42.0
2021-08-03,Criteo,criteo_seg_occasionnels,criteo_seg_occasionnels,22.0,20328.0,42.0
2021-07-16,Criteo,criteo_seg_occasionnels,criteo_seg_occasionnels,17.0,17488.0,44.0
2021-09-11,Criteo,criteo_seg_occasionnels,criteo_seg_occasionnels,57.0,24836.0,44.0
2021-08-24,Criteo,criteo_seg_occasionnels,criteo_seg_occasionnels,51.0,26562.0,48.0
2021-08-16,Criteo,criteo_seg_occasionnels,criteo_seg_occasionnels,25.0,18899.0,58.0
2021-07-13,Criteo,criteo_seg_occasionnels,criteo_seg_occasionnels,67.0,35894.0,88.0
2021-09-15,Criteo,criteo_seg_occasionnels,criteo_seg_occasionnels,111.0,47702.0,77.0
2021-07-19,Criteo,criteo_seg_occasionnels,criteo_seg_occasionnels,12.0,10526.0,33.0
2021-06-30,Criteo,criteo_seg_occasionnels,criteo_seg_occasionnels,40.0,17690.0,33.0
2021-08-12,Criteo,criteo_seg_occasionnels,criteo_seg_occasionnels,16.0,11224.0,33.0
2021-07-21,Criteo,criteo_seg_occasionnels,criteo_seg_occasionnels,14.0,10032.0,33.0
2021-07-10,Criteo,criteo_seg_occasionnels,criteo_seg_occasionnels,26.0,12662.0,33.0
2021-08-21,Criteo,criteo_seg_occasionnels,criteo_seg_occasionnels,45.0,20184.0,35.0
2021-08-05,Criteo,criteo_seg_occasionnels,criteo_seg_occasionnels,19.0,14315.0,35.0
2021-07-26,Criteo,criteo_seg_occasionnels,criteo_seg_occasionnels,17.0,11882.0,37.0
2021-09-29,Criteo,criteo_seg_occasionnels,criteo_seg_occasionnels,53.0,23969.0,39.0
2021-09-28,Criteo,criteo_seg_occasionnels,criteo_seg_occasionnels,49.0,22828.0,43.0
2021-08-01,Criteo,criteo_seg_occasionnels,criteo_seg_occasionnels,23.0,12978.0,45.0
2021-09-10,Criteo,criteo_seg_occasionnels,criteo_seg_occasionnels,61.0,28509.0,47.0
2021-08-23,Criteo,criteo_seg_occasionnels,criteo_seg_occasionnels,48.0,23543.0,47.0
2021-08-22,Criteo,criteo_seg_occasionnels,criteo_seg_occasionnels,46.0,21075.0,47.0
2021-08-02,Criteo,criteo_seg_occasionnels,criteo_seg_occasionnels,26.0,19555.0,51.0
2021-09-12,Criteo,criteo_seg_occasionnels,criteo_seg_occasionnels,67.0,28658.0,53.0
2021-09-17,Criteo,criteo_seg_occasionnels,criteo_seg_occasionnels,80.0,34392.0,53.0
2021-09-16,Criteo,criteo_seg_occasionnels,criteo_seg_occasionnels,95.0,41433.0,53.0
2021-09-13,Criteo,criteo_seg_occasionnels,criteo_seg_occasionnels,89.0,36781.0,59.0
2021-09-14,Criteo,criteo_seg_occasionnels,criteo_seg_occasionnels,100.0,42856.0,70.0
2021-07-15,Criteo,criteo_seg_occasionnels,criteo_seg_occasionnels,58.0,32207.0,106.0
2021-07-14,Criteo,criteo_seg_occasionnels,criteo_seg_occasionnels,98.0,41824.0,140.0